Model_name,accuracy,precision,recall,training_time,epochs
Inceptionv3 (30 layers unfreezed),0.510250569476082,0.5250963849826319,0.510250569476082,6774.4428243637085,72
Inceptionv3,0.6241457858769932,0.6265483951393201,0.6241457858769932,6644.431987762451,71
InceptionResnet,0.6150341685649203,0.6311435010787739,0.6150341685649203,7344.849830627441,76
Resnet50v2,0.5330296127562643,0.5356293367012461,0.5330296127562643,3766.096607208252,39
VGG Net,0.5876993166287016,0.6182093464480011,0.5876993166287016,3476.2812201976776,36
MobileNet,0.5831435079726651,0.5982798097006079,0.5831435079726651,5822.568655729294,61
DenseNet,0.5899772209567198,0.606531529018615,0.5899772209567198,6086.633219957352,63
Model Efficient,0.5854214123006833,0.6127936049246685,0.5854214123006833,6553.677934408188,70
